,trn_loss,val_loss,val_rel_err,val_rel_err_o,val_rel_err_h
0,0.03376651567717393,0.017658241589864097,0.2030316392580668,0.15615008970101674,0.21043399373690289
