,trn_loss,val_loss,val_rel_err,val_rel_err_o,val_rel_err_h
0,0.020099448723174627,0.011088378059401213,0.09542399873034377,0.08857948139947316,0.09572555976056639
